{"actions":[],"apps":[{"acl":{"app":[],"field":[],"record":[]},"app":null,"category":{"categories":[],"useCategory":"false"},"form":{"layout":"[{\"id\":null,\"type\":\"ROW\",\"isSubTable\":false,\"var\":null,\"controlList\":[{\"styleMap\":{\"width\":117,\"height\":190},\"elementId\":\"\",\"type\":\"SPACER\"}],\"label\":null},{\"id\":null,\"type\":\"ROW\",\"isSubTable\":false,\"var\":null,\"controlList\":[{\"isVirtical\":true,\"styleMap\":{},\"canvasData\":[{\"id\":null,\"type\":\"ROW\",\"isSubTable\":false,\"var\":null,\"controlList\":[{\"isVirtical\":true,\"styleMap\":{\"width\":193},\"type\":\"DECIMAL\",\"var\":\"uid\",\"label\":\"uid\"}]},{\"id\":null,\"type\":\"ROW\",\"isSubTable\":false,\"var\":null,\"controlList\":[{\"isVirtical\":true,\"styleMap\":{\"width\":454},\"type\":\"SINGLE_LINE_TEXT\",\"var\":\"record_title\",\"label\":\"レコードタイトル\"}]},{\"id\":null,\"type\":\"ROW\",\"isSubTable\":false,\"var\":null,\"controlList\":[{\"isVirtical\":true,\"styleMap\":{\"width\":454},\"type\":\"SINGLE_LINE_TEXT\",\"var\":\"lookup_key\",\"label\":\"レコード情報検索\"}]},{\"id\":null,\"type\":\"ROW\",\"isSubTable\":false,\"var\":null,\"controlList\":[{\"isVirtical\":true,\"styleMap\":{\"width\":193},\"type\":\"SINGLE_LINE_TEXT\",\"var\":\"no\",\"label\":\"No\"}]},{\"id\":null,\"type\":\"ROW\",\"isSubTable\":false,\"var\":null,\"controlList\":[{\"isVirtical\":true,\"styleMap\":{\"width\":196},\"type\":\"CREATED_AT\",\"var\":\"作成日時\",\"label\":\"作成日時\"},{\"isVirtical\":true,\"styleMap\":{\"width\":136},\"type\":\"CREATOR\",\"var\":\"作成者\",\"label\":\"作成者\"}]},{\"id\":null,\"type\":\"ROW\",\"isSubTable\":false,\"var\":null,\"controlList\":[{\"isVirtical\":true,\"styleMap\":{\"width\":196},\"type\":\"MODIFIED_AT\",\"var\":\"更新日時\",\"label\":\"更新日時\"},{\"isVirtical\":true,\"styleMap\":{\"width\":136},\"type\":\"MODIFIER\",\"var\":\"更新者\",\"label\":\"更新者\"}]}],\"type\":\"GROUP\",\"var\":\"システム利用\",\"label\":\"システム利用\"}],\"label\":null}]","revision":null},"iconMeta":null,"info":{"automaticallyChooseTitleComponent":"false","code":null,"decimalPrecision":"16","decimalScale":"4","description":"\u003Cdiv\u003E\u003Cbr /\u003E\u003C/div\u003E","enableBulkDeletion":"false","fiscalYearStartMonth":"4","iconKey":"APP67","iconType":"PRESET","jsFiles":null,"jsScope":"ALL","name":"カスタマイズアプリテンプレート","roundingMode":"HALF_EVEN","theme":"PLAIN","titleComponentLocalId":"5519915","useComment":"true","useHistory":"true","useThumbnail":"true"},"jsFiles":[{"jsFileMetas":[{"internalName":null,"locationType":"URL","mime":null,"name":null,"url":"https://unpkg.com/@kintone/rest-api-client@latest/umd/KintoneRestAPIClient.min.js"},{"internalName":null,"locationType":"BLOB","mime":"text/javascript","name":"kintone_tools.min.js","url":null},{"internalName":null,"locationType":"BLOB","mime":"text/javascript","name":"template_c.js","url":null},{"internalName":null,"locationType":"BLOB","mime":"text/javascript","name":"template_m.js","url":null}],"jsType":"MOBILE"},{"jsFileMetas":[{"internalName":null,"locationType":"URL","mime":null,"name":null,"url":"https://unpkg.com/@kintone/rest-api-client@latest/umd/KintoneRestAPIClient.min.js"},{"internalName":null,"locationType":"BLOB","mime":"text/javascript","name":"kintone_tools.min.js","url":null},{"internalName":null,"locationType":"BLOB","mime":"text/javascript","name":"template_c.js","url":null},{"internalName":null,"locationType":"BLOB","mime":"text/javascript","name":"template_p.js","url":null}],"jsType":"DESKTOP"}],"notification":{"appNotifications":[{"events":["RECORD_COMMENT_ADDED"],"target":{"entityId":"5519905","entityType":"FIELD_ENTITY","includeSubs":"false"}},{"events":["RECORD_COMMENT_ADDED"],"target":{"entityId":"5519906","entityType":"FIELD_ENTITY","includeSubs":"false"}}],"recordNotifications":[],"reminderTimezone":null,"reminders":[],"useComment":"true","useReminder":"false"},"plugin":{"pluginIds":["fdeplpmkengkldpdlaiegpokgmaabkkb"]},"reports":[],"resource":{"tables":[{"rows":[{"fields":[],"objectId":"0","subObjectId":"-1"}],"type":"AppName"},{"rows":[{"fields":[],"objectId":"0","subObjectId":"-1"}],"type":"AppDescription"},{"rows":[{"fields":[],"objectId":"5519904","subObjectId":"-1"},{"fields":[],"objectId":"5519905","subObjectId":"-1"},{"fields":[],"objectId":"5519906","subObjectId":"-1"},{"fields":[],"objectId":"5519907","subObjectId":"-1"},{"fields":[],"objectId":"5519908","subObjectId":"-1"},{"fields":[],"objectId":"5519909","subObjectId":"-1"},{"fields":[],"objectId":"5519910","subObjectId":"-1"},{"fields":[],"objectId":"5519911","subObjectId":"-1"},{"fields":[],"objectId":"5519914","subObjectId":"-1"},{"fields":[],"objectId":"5519915","subObjectId":"-1"},{"fields":[],"objectId":"5519916","subObjectId":"-1"},{"fields":[],"objectId":"5519917","subObjectId":"-1"}],"type":"FieldLabel"},{"rows":[{"fields":[],"objectId":"20","subObjectId":"-1"}],"type":"ViewName"}]},"schema":{"groups":[{"childLocalId":"5519905","vtComponentLocalId":"5519913"},{"childLocalId":"5519906","vtComponentLocalId":"5519913"},{"childLocalId":"5519907","vtComponentLocalId":"5519913"},{"childLocalId":"5519908","vtComponentLocalId":"5519913"},{"childLocalId":"5519914","vtComponentLocalId":"5519913"},{"childLocalId":"5519915","vtComponentLocalId":"5519913"},{"childLocalId":"5519916","vtComponentLocalId":"5519913"},{"childLocalId":"5519917","vtComponentLocalId":"5519913"}],"revision":null,"subTable":{},"table":{"fieldList":{"5519904":{"id":"5519904","label":"レコード番号","properties":{"noLabel":"false","required":"true"},"type":"RECORD_ID","var":"レコード番号"},"5519905":{"id":"5519905","label":"更新者","properties":{"noLabel":"false","required":"true"},"type":"MODIFIER","var":"更新者"},"5519906":{"id":"5519906","label":"作成者","properties":{"noLabel":"false","required":"true"},"type":"CREATOR","var":"作成者"},"5519907":{"id":"5519907","label":"更新日時","properties":{"noLabel":"false","required":"true"},"type":"MODIFIED_AT","var":"更新日時"},"5519908":{"id":"5519908","label":"作成日時","properties":{"noLabel":"false","required":"true"},"type":"CREATED_AT","var":"作成日時"},"5519909":{"id":"5519909","label":"ステータス","properties":{"noLabel":"false","required":"false"},"type":"STATUS","var":"ステータス"},"5519910":{"id":"5519910","label":"作業者","properties":{"noLabel":"false","required":"false"},"type":"STATUS_ASSIGNEE","var":"作業者"},"5519911":{"id":"5519911","label":"カテゴリー","properties":{"noLabel":"false","required":"false"},"type":"CATEGORY","var":"カテゴリー"},"5519913":{"id":"5519913","label":"システム利用","properties":{"noLabel":"false","open":"false","required":"false"},"type":"GROUP","var":"システム利用"},"5519914":{"id":"5519914","label":"uid","properties":{"defaultValue":null,"digit":"false","displayScale":null,"max":null,"min":null,"noLabel":"false","required":"true","roundingMode":null,"scale":null,"unique":"true","unit":"","unitPosition":"BEFORE"},"type":"DECIMAL","var":"uid"},"5519915":{"id":"5519915","label":"レコードタイトル","properties":{"defaultValue":"","expression":"","hideExpression":"false","max":null,"min":null,"noLabel":"false","required":"true","unique":"false"},"type":"SINGLE_LINE_TEXT","var":"record_title"},"5519916":{"id":"5519916","label":"レコード情報検索","properties":{"defaultValue":"","expression":"","hideExpression":"false","max":"64","min":null,"noLabel":"false","required":"true","unique":"true"},"type":"SINGLE_LINE_TEXT","var":"lookup_key"},"5519917":{"id":"5519917","label":"No","properties":{"defaultValue":"","expression":"","hideExpression":"false","max":"64","min":null,"noLabel":"false","required":"true","unique":"true"},"type":"SINGLE_LINE_TEXT","var":"no"}},"id":"1","label":"__ROOT__","properties":{"noLabel":"true"},"type":"TABLE","var":"__ROOT__"}},"status":{"actions":[],"filters":[],"initialStateId":null,"states":[],"useStatus":"false"},"uuid":"a1a83958-a781-4c4a-8f98-6949d7f958a1","views":[{"advancedMode":null,"builtinType":"ALL","device":null,"fields":[{"row":[{"columnWidth":null,"id":"5519904"},{"columnWidth":null,"id":"5519914"},{"columnWidth":null,"id":"5519915"},{"columnWidth":null,"id":"5519916"},{"columnWidth":null,"id":"5519917"}]}],"filter":{"category":null,"offset":null,"order":[],"q":null,"size":null,"sort":[]},"html":null,"keyFieldId":null,"name":"（すべて）","pager":null,"revision":null,"titleFieldId":null,"view":"20","viewType":"LIST"}]}],"description":"","iconKey":"APP67","iconMeta":null,"iconSrcAppId":"a1a83958-a781-4c4a-8f98-6949d7f958a1","iconType":"PRESET","imagesMeta":[],"lookups":[],"name":"カスタマイズアプリテンプレート","references":[],"version":"31"}