{"actions":[],"apps":[{"acl":{"app":[],"field":[],"record":[]},"app":null,"category":{"categories":[],"useCategory":"false"},"form":{"layout":"[{\"id\":null,\"type\":\"ROW\",\"isSubTable\":false,\"var\":null,\"label\":null,\"controlList\":[{\"isVirtical\":true,\"styleMap\":{\"width\":106},\"type\":\"DECIMAL\",\"var\":\"対象行番号\",\"label\":\"対象行番号\"},{\"isVirtical\":true,\"styleMap\":{\"width\":410},\"type\":\"SINGLE_LINE_TEXT\",\"var\":\"セット文字\",\"label\":\"セット文字\"}]},{\"id\":null,\"type\":\"ROW\",\"isSubTable\":false,\"var\":null,\"label\":null,\"controlList\":[{\"styleMap\":{\"width\":228},\"type\":\"HR\"}]},{\"id\":\"5276087\",\"type\":\"SUBTABLE\",\"isSubTable\":true,\"var\":\"一覧\",\"label\":\"一覧\",\"controlList\":[{\"isVirtical\":true,\"styleMap\":{\"width\":83},\"type\":\"DECIMAL\",\"var\":\"行番号\",\"label\":\"行番号\"},{\"isVirtical\":true,\"styleMap\":{\"width\":558},\"type\":\"SINGLE_LINE_TEXT\",\"var\":\"内容\",\"label\":\"内容\"}]}]","revision":null},"iconMeta":null,"info":{"automaticallyChooseTitleComponent":"false","code":null,"decimalPrecision":"16","decimalScale":"4","description":"\u003Cdiv\u003E\u003Cbr /\u003E\u003C/div\u003E","enableBulkDeletion":"false","enableRecordReuse":"true","fiscalYearStartMonth":"4","iconKey":"APP39","iconType":"PRESET","jsFiles":null,"jsScope":"ALL","name":"forとforEachの違いについて","roundingMode":"HALF_EVEN","theme":"PLAIN","titleComponentLocalId":null,"useComment":"true","useHistory":"true","useThumbnail":"true"},"jsFiles":[],"notification":{"appNotifications":[{"events":["RECORD_COMMENT_ADDED"],"target":{"entityId":"5276048","entityType":"FIELD_ENTITY","includeSubs":"false"}},{"events":["RECORD_COMMENT_ADDED"],"target":{"entityId":"5276049","entityType":"FIELD_ENTITY","includeSubs":"false"}}],"recordNotifications":[],"reminderTimezone":null,"reminders":[],"useComment":"true","useReminder":"false"},"plugins":[],"reports":[],"resource":{"tables":[{"rows":[{"fields":[],"objectId":"0","subObjectId":"-1"}],"type":"AppName"},{"rows":[{"fields":[],"objectId":"0","subObjectId":"-1"}],"type":"AppDescription"},{"rows":[{"fields":[],"objectId":"5276047","subObjectId":"-1"},{"fields":[],"objectId":"5276048","subObjectId":"-1"},{"fields":[],"objectId":"5276049","subObjectId":"-1"},{"fields":[],"objectId":"5276050","subObjectId":"-1"},{"fields":[],"objectId":"5276051","subObjectId":"-1"},{"fields":[],"objectId":"5276052","subObjectId":"-1"},{"fields":[],"objectId":"5276053","subObjectId":"-1"},{"fields":[],"objectId":"5276054","subObjectId":"-1"},{"fields":[],"objectId":"5276087","subObjectId":"-1"},{"fields":[],"objectId":"5276083","subObjectId":"-1"},{"fields":[],"objectId":"5276139","subObjectId":"-1"},{"fields":[],"objectId":"5276136","subObjectId":"-1"},{"fields":[],"objectId":"5276140","subObjectId":"-1"}],"type":"FieldLabel"},{"rows":[{"fields":[],"objectId":"20","subObjectId":"-1"}],"type":"ViewName"}]},"schema":{"groups":[],"revision":null,"subTable":{"5276087":{"fieldList":{"5276083":{"id":"5276083","label":"内容","properties":{"defaultValue":"","expression":"","hideExpression":"false","max":null,"min":null,"noLabel":"false","required":"false","unique":"false"},"type":"SINGLE_LINE_TEXT","var":"内容"},"5276139":{"id":"5276139","label":"行番号","properties":{"defaultValue":null,"digit":"false","displayScale":null,"max":null,"min":null,"noLabel":"false","required":"false","roundingMode":null,"scale":null,"unique":"false","unit":"","unitPosition":"BEFORE"},"type":"DECIMAL","var":"行番号"}},"id":"5276087","label":"一覧","properties":{"noLabel":"true"},"var":"一覧"}},"table":{"fieldList":{"5276047":{"id":"5276047","label":"レコード番号","properties":{"noLabel":"false","required":"true"},"type":"RECORD_ID","var":"レコード番号"},"5276048":{"id":"5276048","label":"更新者","properties":{"noLabel":"false","required":"true"},"type":"MODIFIER","var":"更新者"},"5276049":{"id":"5276049","label":"作成者","properties":{"noLabel":"false","required":"true"},"type":"CREATOR","var":"作成者"},"5276050":{"id":"5276050","label":"更新日時","properties":{"noLabel":"false","required":"true"},"type":"MODIFIED_AT","var":"更新日時"},"5276051":{"id":"5276051","label":"作成日時","properties":{"noLabel":"false","required":"true"},"type":"CREATED_AT","var":"作成日時"},"5276052":{"id":"5276052","label":"ステータス","properties":{"noLabel":"false","required":"false"},"type":"STATUS","var":"ステータス"},"5276053":{"id":"5276053","label":"作業者","properties":{"noLabel":"false","required":"false"},"type":"STATUS_ASSIGNEE","var":"作業者"},"5276054":{"id":"5276054","label":"カテゴリー","properties":{"noLabel":"false","required":"false"},"type":"CATEGORY","var":"カテゴリー"},"5276136":{"id":"5276136","label":"セット文字","properties":{"defaultValue":"","expression":"","hideExpression":"false","max":null,"min":null,"noLabel":"false","required":"false","unique":"false"},"type":"SINGLE_LINE_TEXT","var":"セット文字"},"5276140":{"id":"5276140","label":"対象行番号","properties":{"defaultValue":null,"digit":"false","displayScale":null,"max":null,"min":null,"noLabel":"false","required":"false","roundingMode":null,"scale":null,"unique":"false","unit":"","unitPosition":"BEFORE"},"type":"DECIMAL","var":"対象行番号"}},"id":"1","label":"__ROOT__","properties":null,"var":"__ROOT__"}},"settingsNotesForm":{"content":null,"willBeInherited":null},"status":{"actions":[],"filters":[],"initialStateId":null,"states":[],"useStatus":"false"},"uuid":"f1185ac1-5e11-44f9-addb-a2cc12391a6b","views":[{"advancedMode":null,"builtinType":"ALL","device":null,"fields":[{"row":[{"columnWidth":null,"id":"5276047"},{"columnWidth":null,"id":"5276136"},{"columnWidth":null,"id":"5276140"}]}],"filter":{"category":null,"offset":null,"order":[],"q":null,"size":null,"sort":[]},"html":null,"keyFieldId":null,"name":"（すべて）","pager":null,"revision":null,"titleFieldId":null,"view":"20","viewType":"LIST"}]}],"description":"","iconKey":"APP39","iconMeta":null,"iconSrcAppId":"f1185ac1-5e11-44f9-addb-a2cc12391a6b","iconType":"PRESET","imagesMeta":[],"lookups":[],"name":"forとforEachの違いについて","references":[],"version":"39"}